<?xml version="1.0" encoding="UTF-8"?>
<project-private xmlns="http://www.netbeans.org/ns/project-private/1">
    <editor-bookmarks xmlns="http://www.netbeans.org/ns/editor-bookmarks/2" lastBookmarkId="0"/>
    <open-files xmlns="http://www.netbeans.org/ns/projectui-open-files/2">
        <group>
            <file>file:/C:/Users/user/Desktop/Hostel%20Managment%20Syatem/src/hostel/managment/syatem/HostelManagmentSyatem.java</file>
            <file>file:/C:/Users/user/Desktop/Hostel%20Managment%20Syatem/src/home.java</file>
            <file>file:/C:/Users/user/Desktop/Hostel%20Managment%20Syatem/src/login.java</file>
            <file>file:/C:/Users/user/Desktop/Hostel%20Managment%20Syatem/src/Project/ConnectionProvider.java</file>
            <file>file:/C:/Users/user/Desktop/Hostel%20Managment%20Syatem/src/ManageRoom.java</file>
        </group>
    </open-files>
</project-private>
